INSERT INTO publishers (publisherId, name, country_of_origin) VALUES
(101, 'TechSolutions', 'USA'),
(102, 'InnovateTech', 'Canada'),
(103, 'SupportNow', 'UK'),
(104, 'InfoTech', 'Germany'),
(105, 'QuickAssist', 'Australia'),
(106, 'HelpTech', 'USA'),
(107, 'ExpertiseInc', 'Canada'),
(108, 'SavvyTech', 'UK'),
(109, 'ServiceHub', 'Germany'),
(110, 'AISolutions', 'USA'),
(111, 'SolversTech', 'Canada'),
(112, 'InfoGenius', 'UK'),
(113, 'AnswerNow', 'Germany'),
(114, 'AssistTech', 'USA'),
(115, 'SupportHub', 'Canada'),
(116, 'ChatGenius', 'UK'),
(117, 'TechGenius', 'Germany'),
(118, 'QueryTech', 'USA'),
(119, 'AidNow', 'Canada'),
(120, 'SolutionTech', 'UK');

INSERT INTO users (userId, name, surname, age, sex) VALUES
(1, 'Alice', 'Smith', 28, 'F'),
(2, 'Bob', 'Johnson', 35, 'M'),
(3, 'Charlie', 'Brown', 22, 'M'),
(4, 'Diana', 'Williams', 45, 'F'),
(5, 'Eva', 'Jones', 30, 'F'),
(6, 'Frank', 'Davis', 40, 'M'),
(7, 'Gina', 'Martinez', 33, 'F'),
(8, 'Henry', 'Garcia', 27, 'M'),
(9, 'Ivy', 'Anderson', 38, 'F'),
(10, 'Jack', 'Taylor', 29, 'M'),
(11, 'Karen', 'Wilson', 31, 'F'),
(12, 'Leo', 'Rodriguez', 36, 'M'),
(13, 'Mia', 'Lopez', 25, 'F'),
(14, 'Nathan', 'Hernandez', 42, 'M'),
(15, 'Olivia', 'Miller', 32, 'F'),
(16, 'Paul', 'Young', 39, 'M'),
(17, 'Quinn', 'Scott', 26, 'F'),
(18, 'Ryan', 'Allen', 34, 'M'),
(19, 'Samantha', 'Green', 37, 'F'),
(20, 'Tom', 'Lee', 24, 'M'),
(21, 'Vivian', 'Moore', 41, 'F'),
(22, 'William', 'Clark', 23, 'M'),
(23, 'Xavier', 'Baker', 44, 'M'),
(24, 'Yvonne', 'White', 31, 'F'),
(25, 'Zoe', 'Adams', 28, 'F'),
(26, 'Andrew', 'Rivera', 39, 'M'),
(27, 'Bella', 'Perez', 33, 'F'),
(28, 'Chris', 'Carter', 36, 'M'),
(29, 'Danielle', 'Mitchell', 25, 'F'),
(30, 'Ethan', 'Nguyen', 29, 'M'),
(31, 'John', 'Doe', 30, 'M'),
(32, 'Jane', 'Smith', 25, 'F'),
(33, 'Michael', 'Johnson', 40, 'M'),
(34, 'Emily', 'Brown', 22, 'F'),
(35, 'David', 'Wilson', 35, 'M'),
(36, 'Sarah', 'Martinez', 28, 'F'),
(37, 'James', 'Anderson', 45, 'M'),
(38, 'Jessica', 'Taylor', 32, 'F'),
(39, 'Robert', 'Thomas', 27, 'M'),
(40, 'Jennifer', 'Garcia', 38, 'F'),
(41, 'William', 'Lee', 29, 'M'),
(42, 'Emma', 'Harris', 24, 'F'),
(43, 'Daniel', 'Clark', 33, 'M'),
(44, 'Olivia', 'Lewis', 26, 'F'),
(45, 'Alexander', 'Walker', 39, 'M'),
(46, 'Sophia', 'King', 23, 'F'),
(47, 'Matthew', 'Wright', 31, 'M'),
(48, 'Ava', 'Roberts', 36, 'F'),
(49, 'Christopher', 'Scott', 21, 'M'),
(50, 'Mia', 'Green', 37, 'F');

INSERT INTO Chatbots (chatbotId, name, version, publisherId, rating) VALUES
(1, 'ChatAssist', '2.0', 101, 4.5),
(2, 'TechBot', '1.2', 102, 4.2),
(3, 'SupportGenius', '3.1', 103, 4.8),
(4, 'InfoMate', '2.5', 104, 4.4),
(5, 'QuickHelp', '1.5', 105, 4.3),
(6, 'HelpBot', '2.3', 106, 4.6),
(7, 'ExpertAssistant', '1.8', 107, 4.7),
(8, 'ChatSavvy', '2.1', 108, 4.5),
(9, 'ServiceBot', '3.0', 109, 4.9),
(10, 'AIHelper', '1.4', 110, 4.2),
(11, 'SolveMate', '2.7', 111, 4.6),
(12, 'InfoBot', '1.6', 112, 4.3),
(13, 'AnswerBot', '2.2', 113, 4.4),
(14, 'AssistMe', '3.2', 114, 4.8),
(15, 'SupportBot', '1.9', 115, 4.7),
(16, 'ChatHelper', '2.4', 116, 4.5),
(17, 'GeniusBot', '1.7', 117, 4.6),
(18, 'QueryMaster', '2.9', 118, 4.2),
(19, 'AidAssistant', '1.3', 119, 4.3),
(20, 'SolutionFinder', '2.6', 120, 4.4),
(21, 'InfoWizard', '1.2', 101, 4.1),
(22, 'AnswerGenie', '2.0', 101, 4.5),
(23, 'HelpMate', '1.5', 101, 4.6),
(24, 'ChatMaster', '3.1', 103, 4.7),
(25, 'QuickGenius', '2.4', 103, 4.8),
(26, 'SupportSavvy', '1.7', 104, 4.3),
(27, 'TechWizard', '2.3', 106, 4.2),
(28, 'SolutionSage', '1.9', 106, 4.6),
(29, 'InfoHelper', '3.0', 107, 4.4),
(30, 'AidGenius', '1.4', 108, 4.7),
(31, 'SupportMaster', '2.8', 108, 4.5),
(32, 'ChatMate', '1.6', 108, 4.8),
(33, 'TechAssist', '2.2', 108, 4.1),
(34, 'AnswerMate', '3.3', 108, 4.2),
(35, 'QuickSolver', '1.8', 109, 4.9),
(36, 'InfoSavvy', '2.5', 110, 4.4),
(37, 'GeniusWizard', '1.3', 110, 4.6),
(38, 'QuerySage', '2.7', 111, 4.3),
(39, 'AssistGenius', '1.1', 112, 4.7),
(40, 'ServiceSavvy', '3.2', 112, 4.5),
(41, 'TechGenie', '2.6', 113, 4.8),
(42, 'InfoMaster', '1.9', 114, 4.5),
(43, 'QuickHelper', '2.4', 114, 4.6),
(44, 'SupportWizard', '1.7', 115, 4.3),
(45, 'ChatGenius', '3.0', 115, 4.2),
(46, 'SolutionMate', '2.5', 116, 4.7),
(47, 'AidSavvy', '1.3', 117, 4.4),
(48, 'AnswerSage', '2.1', 120, 4.6),
(49, 'TechAssistant', '3.1', 120, 4.5),
(50, 'InfoAssist', '1.8', 120, 4.2);

INSERT INTO chatbots_users (chatbotId, userId) VALUES
(1, 2),
(1, 3),
(1, 4),
(1, 5),
(2, 6),
(3, 7),
(3, 8),
(3, 9),
(4, 10),
(4, 11),
(5, 12),
(5, 13),
(5, 14),
(6, 15),
(6, 16),
(7, 17),
(7, 18),
(8, 19),
(8, 20),
(8, 21),
(9, 22),
(9, 23),
(10, 24),
(10, 25),
(11, 26),
(11, 27),
(12, 28),
(12, 29),
(13, 30),
(13, 31),
(14, 32),
(14, 33),
(14, 34),
(15, 35),
(15, 36),
(16, 37),
(16, 38),
(17, 39),
(17, 40),
(17, 41),
(18, 42),
(18, 43),
(19, 44),
(19, 45),
(20, 46),
(20, 47),
(21, 48),
(21, 49),
(22, 50),
(22, 1),
(22, 2),
(23, 3),
(23, 4),
(24, 5),
(24, 6),
(25, 7),
(25, 8),
(25, 9),
(26, 10),
(26, 11),
(27, 12),
(27, 13),
(28, 14),
(28, 15),
(29, 16),
(29, 17),
(29, 18),
(30, 19),
(30, 20),
(31, 21),
(31, 22),
(32, 23),
(32, 24),
(32, 25),
(33, 26),
(33, 27),
(34, 28),
(34, 29),
(35, 30),
(35, 31),
(36, 32),
(36, 33),
(37, 34),
(37, 35),
(37, 36),
(38, 37),
(38, 38),
(39, 39),
(39, 40),
(40, 41),
(40, 42),
(40, 43);